event_id,video_filename,track_id_combination,bee_a_detection_ids,bee_b_detection_ids,timestamps,frame_ids,cam_id,human_decidable_interaction,trophallaxis_observed,bee_a_is_donor,trophallaxis_start_frame_nr,trophallaxis_end_frame_nr,comments
369617d4-7e4e-421e-8997-ddc47be2b5dc,369617d4-7e4e-421e-8997-ddc47be2b5dc.mp4,"('917fd158-0179-4e32-a8df-c4bfdf63fcae', '773d64ef-a2b1-4ed6-bd8f-58d4ed1f5f89')","['f13087761212251145081d67c0', 'f11141896296285122758d67c0', 'f16821081251928336916d67c0', 'f17709301573842561901d66c0', 'f15352955082477349502d66c0', 'f17384143759672417564d67c0', 'f18122816120210646199d67c0', 'f11402280831603990077d70c0', 'f18373274601879357254d67c0', 'f14987579060204374530d66c0', 'f13813301967678674637d65c0', 'f11141996273738737771d69c0', 'f14050711491784288987d66c0', 'f16470992625684517928d65c0']","['f13087761212251145081d71c0', 'f11141896296285122758d71c0', 'f16821081251928336916d71c0', 'f17709301573842561901d71c0', 'f15352955082477349502d70c0', 'f17384143759672417564d68c0', 'f18122816120210646199d69c0', 'f11402280831603990077d71c0', 'f18373274601879357254d68c0', 'f14987579060204374530d67c0', 'f13813301967678674637d66c0', 'f11141996273738737771d70c0', 'f14050711491784288987d67c0', 'f16470992625684517928d67c0']","[1468935321.36231, 1468935321.694703, 1468935322.026861, 1468935322.35924, 1468935322.691755, 1468935323.023912, 1468935323.355969, 1468935323.688168, 1468935324.020138, 1468935324.352838, 1468935324.684705, 1468935325.017142, 1468935325.348899, 1468935325.681056]","['13087761212251145081', '11141896296285122758', '16821081251928336916', '17709301573842561901', '15352955082477349502', '17384143759672417564', '18122816120210646199', '11402280831603990077', '18373274601879357254', '14987579060204374530', '13813301967678674637', '11141996273738737771', '14050711491784288987', '16470992625684517928']",0,y,n,,,,
29671996-d4bb-4e97-9328-4c71deb22ed5,29671996-d4bb-4e97-9328-4c71deb22ed5.mp4,"('917fd158-0179-4e32-a8df-c4bfdf63fcae', '4a3968f3-1d5c-4b34-9c49-236323adffa1')","['f13281992008948746759d50c0', 'f12236038185373356480d51c0', 'f14200402759230129215d50c0', 'f14570054698059865370d50c0', 'f11703661072716713774d51c0', 'f12140874529371407317d50c0', 'f12960032205742351588d50c0', 'f11590041866948005692d52c0', 'f11680708334873501543d52c0', 'f13922483911129438324d51c0', 'f11667034280381936814d51c0', 'f18123901474676860133d53c0', 'f11519043179977259297d53c0', 'f14714349950045242236d53c0', 'f17532363939793669199d54c0', 'f15215848317845474651d53c0', 'f14303625745428004149d53c0', 'f15541742021378480182d52c0', 'f10654878035443530084d55c0']","['f13281992008948746759d49c0', 'f12236038185373356480d50c0', 'f14200402759230129215d49c0', 'f14570054698059865370d49c0', 'f11703661072716713774d50c0', 'f12140874529371407317d49c0', 'f12960032205742351588d49c0', 'f11590041866948005692d51c0', 'f11680708334873501543d51c0', 'f13922483911129438324d50c0', 'f11667034280381936814d50c0', 'f18123901474676860133d51c0', 'f11519043179977259297d51c0', 'f14714349950045242236d52c0', 'f17532363939793669199d53c0', 'f15215848317845474651d51c0', 'f14303625745428004149d52c0', 'f15541742021378480182d51c0', 'f10654878035443530084d53c0']","[1468935380.494952, 1468935380.827265, 1468935381.159473, 1468935381.491647, 1468935381.823582, 1468935382.156363, 1468935382.488292, 1468935382.820365, 1468935383.15287, 1468935383.484822, 1468935383.81709, 1468935384.149478, 1468935384.481504, 1468935384.813957, 1468935385.146072, 1468935385.478202, 1468935385.810383, 1468935386.14269, 1468935386.474725]","['13281992008948746759', '12236038185373356480', '14200402759230129215', '14570054698059865370', '11703661072716713774', '12140874529371407317', '12960032205742351588', '11590041866948005692', '11680708334873501543', '13922483911129438324', '11667034280381936814', '18123901474676860133', '11519043179977259297', '14714349950045242236', '17532363939793669199', '15215848317845474651', '14303625745428004149', '15541742021378480182', '10654878035443530084']",0,y,n,,,,
ab8d0df0-3710-49ef-9cef-110f20a9ada4,ab8d0df0-3710-49ef-9cef-110f20a9ada4.mp4,"('917fd158-0179-4e32-a8df-c4bfdf63fcae', '4a3968f3-1d5c-4b34-9c49-236323adffa1')","['f9500717914954886337d54c0', 'f13108390886957492711d55c0', 'f16897073769183596455d54c0', 'f14817017818645305254d52c0', 'f14011922251934579873d53c0', 'f14365233786722494415d50c0', 'f17015246524417913592d49c0', 'f17269500901356451333d48c0', 'f10165115134257919502d51c0', 'f14955026402250178746d50c0', 'f13948486973031932691d49c0', 'f14020975902955888234d50c0', 'f16637949451865431419d48c0', 'f16669371372661539406d47c0', 'f13646801855880951029d47c0', 'f10806017364890563558d48c0', 'f9782229247131493479d48c0', 'f12235433520462669603d50c0', 'f10006699121027893737d48c0', 'f16976476997331804656d49c0', 'f18212945759737377440d50c0', 'f17660254066629334805d49c0', 'f12829294203740268335d46c0', 'f15515480383787241926d47c0', 'f10738210493461294594d47c0', 'f9683807725214668078d46c0', 'f17756576768017530021d45c0', 'f15507827484650630366d46c0', 'f9508854906973912957d50c0', 'f16254118058024570154d47c0', 'f17927274769387592277d50c0', 'f16403453723679423812d48c0', 'f14334004277977357281d51c0', 'f10199820585037574037d50c0', 'f13461347232790444672d53c0', 'f12085711406806786274d50c0', 'f17405865926390256169d50c0', 'f16826633072123817296d51c0', 'f9935168720611722611d51c0', 'f17533572683939864204d51c0', 'f13800163794309706923d54c0', 'f15297176265903678383d55c0', 'f17431436609203994353d54c0', 'f11529840881378070214d54c0', 'f18079330335949350097d54c0', 'f11921619452354222521d52c0', 'f11762237548253802244d52c0', 'f15122345258374535261d52c0', 'f10440524352269179866d54c0', 'f13182467827414437636d54c0', 'f13463339763752692769d54c0', 'f16341926755879307920d52c0', 'f13435464964882591434d52c0', 'f13551897257574889615d54c0', 'f13224594762922751496d52c0', 'f16794460377972727711d52c0', 'f11360008431244105760d52c0', 'f15435777272821170681d50c0', 'f17742760677715832168d52c0']","['f9500717914954886337d51c0', 'f13108390886957492711d52c0', 'f16897073769183596455d52c0', 'f14817017818645305254d51c0', 'f14011922251934579873d51c0', 'f14365233786722494415d49c0', 'f17015246524417913592d50c0', 'f17269500901356451333d49c0', 'f10165115134257919502d50c0', 'f14955026402250178746d49c0', 'f13948486973031932691d48c0', 'f14020975902955888234d49c0', 'f16637949451865431419d47c0', 'f16669371372661539406d46c0', 'f13646801855880951029d46c0', 'f10806017364890563558d47c0', 'f9782229247131493479d47c0', 'f12235433520462669603d51c0', 'f10006699121027893737d49c0', 'f16976476997331804656d50c0', 'f18212945759737377440d51c0', 'f17660254066629334805d50c0', 'f12829294203740268335d47c0', 'f15515480383787241926d48c0', 'f10738210493461294594d48c0', 'f9683807725214668078d47c0', 'f17756576768017530021d46c0', 'f15507827484650630366d47c0', 'f9508854906973912957d51c0', 'f16254118058024570154d49c0', 'f17927274769387592277d53c0', 'f16403453723679423812d50c0', 'f14334004277977357281d52c0', 'f10199820585037574037d51c0', 'f13461347232790444672d54c0', 'f12085711406806786274d52c0', 'f17405865926390256169d52c0', 'f16826633072123817296d54c0', 'f9935168720611722611d53c0', 'f17533572683939864204d53c0', 'f13800163794309706923d55c0', 'f15297176265903678383d56c0', 'f17431436609203994353d55c0', 'f11529840881378070214d55c0', 'f18079330335949350097d55c0', 'f11921619452354222521d53c0', 'f11762237548253802244d54c0', 'f15122345258374535261d54c0', 'f10440524352269179866d55c0', 'f13182467827414437636d55c0', 'f13463339763752692769d55c0', 'f16341926755879307920d53c0', 'f13435464964882591434d55c0', 'f13551897257574889615d55c0', 'f13224594762922751496d53c0', 'f16794460377972727711d53c0', 'f11360008431244105760d53c0', 'f15435777272821170681d52c0', 'f17742760677715832168d54c0']","[1468935387.803612, 1468935388.13585, 1468935388.467964, 1468935388.800449, 1468935389.132023, 1468935389.464732, 1468935389.796774, 1468935390.129067, 1468935390.461142, 1468935390.79333, 1468935391.125303, 1468935391.457637, 1468935391.790041, 1468935392.122512, 1468935392.454248, 1468935392.786725, 1468935393.118868, 1468935393.451157, 1468935393.783282, 1468935394.115493, 1468935394.447597, 1468935394.779859, 1468935395.112062, 1468935395.44425, 1468935395.77643, 1468935396.108766, 1468935396.440849, 1468935396.773145, 1468935397.105495, 1468935397.437499, 1468935397.770208, 1468935398.102347, 1468935398.434443, 1468935398.767196, 1468935399.099191, 1468935399.430998, 1468935399.763234, 1468935400.095396, 1468935400.427334, 1468935400.760008, 1468935401.091751, 1468935401.424333, 1468935401.756335, 1468935402.089604, 1468935402.421773, 1468935402.753941, 1468935403.085969, 1468935403.418034, 1468935403.749528, 1468935404.081913, 1468935404.413954, 1468935404.746224, 1468935405.078453, 1468935405.410335, 1468935405.74256, 1468935406.074706, 1468935406.407046, 1468935406.739259, 1468935407.071565]","['9500717914954886337', '13108390886957492711', '16897073769183596455', '14817017818645305254', '14011922251934579873', '14365233786722494415', '17015246524417913592', '17269500901356451333', '10165115134257919502', '14955026402250178746', '13948486973031932691', '14020975902955888234', '16637949451865431419', '16669371372661539406', '13646801855880951029', '10806017364890563558', '9782229247131493479', '12235433520462669603', '10006699121027893737', '16976476997331804656', '18212945759737377440', '17660254066629334805', '12829294203740268335', '15515480383787241926', '10738210493461294594', '9683807725214668078', '17756576768017530021', '15507827484650630366', '9508854906973912957', '16254118058024570154', '17927274769387592277', '16403453723679423812', '14334004277977357281', '10199820585037574037', '13461347232790444672', '12085711406806786274', '17405865926390256169', '16826633072123817296', '9935168720611722611', '17533572683939864204', '13800163794309706923', '15297176265903678383', '17431436609203994353', '11529840881378070214', '18079330335949350097', '11921619452354222521', '11762237548253802244', '15122345258374535261', '10440524352269179866', '13182467827414437636', '13463339763752692769', '16341926755879307920', '13435464964882591434', '13551897257574889615', '13224594762922751496', '16794460377972727711', '11360008431244105760', '15435777272821170681', '17742760677715832168']",0,y,n,,,,
c53ccdde-db9c-4916-b09e-a4fe295dccf4,c53ccdde-db9c-4916-b09e-a4fe295dccf4.mp4,"('917fd158-0179-4e32-a8df-c4bfdf63fcae', '4a3968f3-1d5c-4b34-9c49-236323adffa1')","['f10654328286109510462d53c0', 'f11801170456866616045d54c0', 'f9225017128252665510d55c0', 'f14804954913372634482d56c0', 'f12539691739632061991d56c0', 'f10402559441217020968d56c0', 'f14682102490134572128d56c0', 'f16596862858663853325d57c0', 'f10632236224999866559d54c0', 'f11862442669171693533d53c0', 'f13900105026861819042d55c0', 'f9783492777944326169d54c0', 'f9939070907580462457d55c0', 'f17674032210668202144d56c0', 'f11510198181748470979d57c0']","['f10654328286109510462d55c0', 'f11801170456866616045d56c0', 'f9225017128252665510d56c0', 'f14804954913372634482d57c0', 'f12539691739632061991d57c0', 'f10402559441217020968d55c0', 'f14682102490134572128d55c0', 'f16596862858663853325d56c0', 'f10632236224999866559d56c0', 'f11862442669171693533d55c0', 'f13900105026861819042d57c0', 'f9783492777944326169d55c0', 'f9939070907580462457d56c0', 'f17674032210668202144d57c0', 'f11510198181748470979d58c0']","[1468935408.068431, 1468935408.400211, 1468935408.732388, 1468935409.064556, 1468935409.396786, 1468935409.729062, 1468935410.061327, 1468935410.393705, 1468935410.726015, 1468935411.057979, 1468935411.390366, 1468935411.722224, 1468935412.054454, 1468935412.386681, 1468935412.718988]","['10654328286109510462', '11801170456866616045', '9225017128252665510', '14804954913372634482', '12539691739632061991', '10402559441217020968', '14682102490134572128', '16596862858663853325', '10632236224999866559', '11862442669171693533', '13900105026861819042', '9783492777944326169', '9939070907580462457', '17674032210668202144', '11510198181748470979']",0,y,n,,,,
bda8ca28-c228-4c92-8c1c-df9ec846abed,bda8ca28-c228-4c92-8c1c-df9ec846abed.mp4,"('1f63075b-d6fc-43a0-9069-d15a9faeace2', '161b0db4-e2b6-4586-be5b-958a77551728')","['f15753658694972060458d114c0', 'f15083271903279094152d115c0', 'f13008140245266116267d114c0', 'f14269213556358773368d114c0', 'f9690982822245533807d110c0', 'f14636817592846081921d112c0', 'f16792394233198795708d110c0', 'f13615698213397275958d109c0', 'f11146197752899825555d109c0']","['f15753658694972060458d111c0', 'f15083271903279094152d113c0', 'f13008140245266116267d111c0', 'f14269213556358773368d111c0', 'f9690982822245533807d108c0', 'f14636817592846081921d108c0', 'f16792394233198795708d105c0', 'f13615698213397275958d105c0', 'f11146197752899825555d102c0']","[1468934150.003914, 1468934150.336103, 1468934150.669353, 1468934151.000639, 1468934151.332713, 1468934151.666039, 1468934151.99706, 1468934152.329353, 1468934152.661722]","['15753658694972060458', '15083271903279094152', '13008140245266116267', '14269213556358773368', '9690982822245533807', '14636817592846081921', '16792394233198795708', '13615698213397275958', '11146197752899825555']",0,y,n,,,,
ca56a865-e79a-48da-a96d-517eb83376bf,ca56a865-e79a-48da-a96d-517eb83376bf.mp4,"('cdf084bb-6f43-4c7f-a598-7f71e92f5378', 'b2e8e29d-4286-40e6-b21d-73f69ff78af8')","['f13274800385256228011d73c0', 'f14298687590248114810d72c0', 'f11297429540273176773d69c0', 'f9245540000606675308d67c0', 'f16910458275081996435d67c0', 'f15559596330702871293d64c0', 'f12714888688493997927d67c0', 'f10541495048681334877d67c0', 'f13175806146602602642d69c0', 'f14440556192101664548d71c0']","['f13274800385256228011d70c0', 'f14298687590248114810d69c0', 'f11297429540273176773d67c0', 'f9245540000606675308d68c0', 'f16910458275081996435d68c0', 'f15559596330702871293d65c0', 'f12714888688493997927d68c0', 'f10541495048681334877d68c0', 'f13175806146602602642d68c0', 'f14440556192101664548d70c0']","[1468937444.82627, 1468937445.156612, 1468937445.490625, 1468937445.821097, 1468937446.154453, 1468937446.48738, 1468937446.818481, 1468937447.150002, 1468937447.482045, 1468937447.814254]","['13274800385256228011', '14298687590248114810', '11297429540273176773', '9245540000606675308', '16910458275081996435', '15559596330702871293', '12714888688493997927', '10541495048681334877', '13175806146602602642', '14440556192101664548']",0,y,n,,,,
25cc46ee-e890-4401-9b8f-a5829e9c8351,25cc46ee-e890-4401-9b8f-a5829e9c8351.mp4,"('cdf084bb-6f43-4c7f-a598-7f71e92f5378', '22613689-8d6b-4175-94d1-679089b4a444')","['f16005185682079626699d93c0', 'f10473029637205193554d93c0', 'f12402846901657486758d92c0', 'f17324148863357259597d92c0', 'f9374750466659318052d89c0', 'f11610630550083444059d89c0', 'f13839158319347935260d87c0', 'f16281334563588296441d91c0', 'f13686098312560522819d93c0', 'f15545403922746328734d94c0', 'f15571771389590497595d95c0', 'f9348966140997296479d93c0', 'f14848371026739235200d94c0', 'f11716977968493979419d95c0', 'f18168860307563243696d94c0', 'f16010956786935805821d95c0', 'f18155997206494948319d93c0', 'f9744642624081131862d91c0', 'f11724082458116690583d94c0']","['f16005185682079626699d99c0', 'f10473029637205193554d100c0', 'f12402846901657486758d100c0', 'f17324148863357259597d100c0', 'f9374750466659318052d97c0', 'f11610630550083444059d98c0', 'f13839158319347935260d95c0', 'f16281334563588296441d98c0', 'f13686098312560522819d100c0', 'f15545403922746328734d101c0', 'f15571771389590497595d101c0', 'f9348966140997296479d98c0', 'f14848371026739235200d100c0', 'f11716977968493979419d101c0', 'f18168860307563243696d99c0', 'f16010956786935805821d100c0', 'f18155997206494948319d99c0', 'f9744642624081131862d98c0', 'f11724082458116690583d100c0']","[1468937518.573492, 1468937518.905161, 1468937519.237757, 1468937519.56979, 1468937519.902406, 1468937520.234177, 1468937520.566602, 1468937520.898722, 1468937521.230868, 1468937521.563071, 1468937521.895222, 1468937522.227407, 1468937522.559747, 1468937522.89189, 1468937523.224017, 1468937523.556451, 1468937523.888683, 1468937524.221066, 1468937524.55295]","['16005185682079626699', '10473029637205193554', '12402846901657486758', '17324148863357259597', '9374750466659318052', '11610630550083444059', '13839158319347935260', '16281334563588296441', '13686098312560522819', '15545403922746328734', '15571771389590497595', '9348966140997296479', '14848371026739235200', '11716977968493979419', '18168860307563243696', '16010956786935805821', '18155997206494948319', '9744642624081131862', '11724082458116690583']",0,y,n,,,,
776a5b39-6718-4805-8a78-a3084102a15a,776a5b39-6718-4805-8a78-a3084102a15a.mp4,"('cdf084bb-6f43-4c7f-a598-7f71e92f5378', '22613689-8d6b-4175-94d1-679089b4a444')","['f10000661667187891934d91c0', 'f13470111282335905756d89c0', 'f15780323844185370948d89c0', 'f17337934145094355369d92c0', 'f13598968019060360494d93c0', 'f18199902257649880519d90c0', 'f17286261932606790153d91c0', 'f10347356247346722276d90c0', 'f16709594249328783440d89c0', 'f9334893890167382606d91c0', 'f14002957357835790646d92c0', 'f16150098122786376456d89c0', 'f10335690066631145783d92c0', 'f13611773656576529605d91c0', 'f12481520693482076331d93c0', 'f15115941709946750420d94c0', 'f11349021788737002229d94c0', 'f16342654923176891921d91c0', 'f15921596690331534571d87c0', 'f11813631100715259589d88c0', 'f15592570345093945974d85c0', 'f18406890621737055484d86c0', 'f15482376774134557619d90c0', 'f10119654275255481455d89c0', 'f9226839642586429617d87c0', 'f16864878129956049239d87c0', 'f11219347671141832803d90c0', 'f13577380225819692163d92c0', 'f15119502738099920862d90c0', 'f11081930516132721313d91c0', 'f17340632534072364308d89c0']","['f10000661667187891934d98c0', 'f13470111282335905756d95c0', 'f15780323844185370948d95c0', 'f17337934145094355369d97c0', 'f13598968019060360494d98c0', 'f18199902257649880519d96c0', 'f17286261932606790153d96c0', 'f10347356247346722276d94c0', 'f16709594249328783440d93c0', 'f9334893890167382606d96c0', 'f14002957357835790646d97c0', 'f16150098122786376456d93c0', 'f10335690066631145783d97c0', 'f13611773656576529605d98c0', 'f12481520693482076331d99c0', 'f15115941709946750420d101c0', 'f11349021788737002229d100c0', 'f16342654923176891921d96c0', 'f15921596690331534571d93c0', 'f11813631100715259589d95c0', 'f15592570345093945974d93c0', 'f18406890621737055484d93c0', 'f15482376774134557619d98c0', 'f10119654275255481455d97c0', 'f9226839642586429617d96c0', 'f16864878129956049239d95c0', 'f11219347671141832803d99c0', 'f13577380225819692163d99c0', 'f15119502738099920862d97c0', 'f11081930516132721313d100c0', 'f17340632534072364308d97c0']","[1468937526.546747, 1468937526.878449, 1468937527.210499, 1468937527.544691, 1468937527.875345, 1468937528.207555, 1468937528.540741, 1468937528.872866, 1468937529.536191, 1468937529.868183, 1468937530.200334, 1468937530.532247, 1468937530.864774, 1468937531.197525, 1468937531.529489, 1468937531.861199, 1468937532.193722, 1468937532.526088, 1468937532.85863, 1468937533.190174, 1468937533.522793, 1468937534.519301, 1468937534.851638, 1468937535.183932, 1468937535.516209, 1468937535.848334, 1468937536.182565, 1468937536.512471, 1468937536.844294, 1468937537.176446, 1468937537.507873]","['10000661667187891934', '13470111282335905756', '15780323844185370948', '17337934145094355369', '13598968019060360494', '18199902257649880519', '17286261932606790153', '10347356247346722276', '16709594249328783440', '9334893890167382606', '14002957357835790646', '16150098122786376456', '10335690066631145783', '13611773656576529605', '12481520693482076331', '15115941709946750420', '11349021788737002229', '16342654923176891921', '15921596690331534571', '11813631100715259589', '15592570345093945974', '18406890621737055484', '15482376774134557619', '10119654275255481455', '9226839642586429617', '16864878129956049239', '11219347671141832803', '13577380225819692163', '15119502738099920862', '11081930516132721313', '17340632534072364308']",0,y,n,,,,
1fcb5ee1-36f2-42db-8875-83289a03907e,1fcb5ee1-36f2-42db-8875-83289a03907e.mp4,"('cdf084bb-6f43-4c7f-a598-7f71e92f5378', '4ff17db9-1934-422f-9f5d-0c256d344dfe')","['f10970974659516133564d69c0', 'f17134002814783847467d69c0', 'f9605338779234244391d70c0', 'f9448248895452891864d69c0', 'f15142155084255598194d70c0', 'f9618031569053628684d69c0', 'f12854337188875318784d66c0', 'f16625491667137615440d64c0', 'f10556065384187980502d67c0', 'f13286245296542599912d66c0', 'f16799185435044066415d66c0', 'f15278194379948329500d64c0', 'f17646287731063500617d68c0', 'f14196338172422489861d72c0', 'f12152633980519377486d67c0', 'f10794247404736625764d73c0']","['f10970974659516133564d66c0', 'f17134002814783847467d65c0', 'f9605338779234244391d67c0', 'f9448248895452891864d65c0', 'f15142155084255598194d67c0', 'f9618031569053628684d66c0', 'f12854337188875318784d65c0', 'f16625491667137615440d62c0', 'f10556065384187980502d64c0', 'f13286245296542599912d63c0', 'f16799185435044066415d63c0', 'f15278194379948329500d61c0', 'f17646287731063500617d64c0', 'f14196338172422489861d67c0', 'f12152633980519377486d63c0', 'f10794247404736625764d67c0']","[1468937347.155083, 1468937347.487254, 1468937347.819178, 1468937348.151396, 1468937348.483675, 1468937348.815824, 1468937349.148001, 1468937349.48035, 1468937349.812249, 1468937350.144766, 1468937350.476717, 1468937350.809245, 1468937351.141412, 1468937352.137915, 1468937352.470158, 1468937352.802474]","['10970974659516133564', '17134002814783847467', '9605338779234244391', '9448248895452891864', '15142155084255598194', '9618031569053628684', '12854337188875318784', '16625491667137615440', '10556065384187980502', '13286245296542599912', '16799185435044066415', '15278194379948329500', '17646287731063500617', '14196338172422489861', '12152633980519377486', '10794247404736625764']",0,y,n,,,,
e27f3eed-3bf0-4863-8d20-27d97edd867f,e27f3eed-3bf0-4863-8d20-27d97edd867f.mp4,"('cdf084bb-6f43-4c7f-a598-7f71e92f5378', '34c55e8a-0766-4227-b9b1-cd141f9bf81f')","['f14188389828685090911d59c0', 'f13839961916950702945d58c0', 'f10370528844044748132d57c0', 'f12266078975250913906d60c0', 'f9461383276516480275d57c0', 'f10090674834075660848d57c0', 'f10930477269751968719d55c0', 'f18000311419406589391d55c0', 'f15185969812023567323d56c0', 'f14011041510246611522d57c0']","['f14188389828685090911d57c0', 'f13839961916950702945d57c0', 'f10370528844044748132d56c0', 'f12266078975250913906d57c0', 'f9461383276516480275d56c0', 'f10090674834075660848d56c0', 'f10930477269751968719d54c0', 'f18000311419406589391d54c0', 'f15185969812023567323d55c0', 'f14011041510246611522d58c0']","[1468937372.070482, 1468937372.402624, 1468937372.734699, 1468937373.067022, 1468937373.399135, 1468937373.731202, 1468937374.063456, 1468937374.395627, 1468937374.72824, 1468937375.392485]","['14188389828685090911', '13839961916950702945', '10370528844044748132', '12266078975250913906', '9461383276516480275', '10090674834075660848', '10930477269751968719', '18000311419406589391', '15185969812023567323', '14011041510246611522']",0,y,n,,,,
83f1dd7e-932f-4e80-87f9-12b61a3bf00d,83f1dd7e-932f-4e80-87f9-12b61a3bf00d.mp4,"('cdf084bb-6f43-4c7f-a598-7f71e92f5378', 'c8dca993-f155-476e-9f7d-249d3e1a5a1d')","['f16264736970723788807d75c0', 'f11119131350032931009d74c0', 'f9269704083976361268d72c0', 'f13556734507962126699d76c0', 'f12358978062450058644d77c0', 'f12939344767682947574d77c0', 'f11945214184414964911d79c0', 'f15486308746349052260d82c0', 'f18003169348084525124d80c0', 'f11148874634090602547d79c0']","['f16264736970723788807d74c0', 'f11119131350032931009d75c0', 'f9269704083976361268d74c0', 'f13556734507962126699d73c0', 'f12358978062450058644d73c0', 'f12939344767682947574d78c0', 'f11945214184414964911d77c0', 'f15486308746349052260d78c0', 'f18003169348084525124d79c0', 'f11148874634090602547d77c0']","[1468937479.373826, 1468937479.705423, 1468937480.701705, 1468937481.035311, 1468937481.366178, 1468937481.698562, 1468937482.030841, 1468937482.362911, 1468937482.695085, 1468937483.027202]","['16264736970723788807', '11119131350032931009', '9269704083976361268', '13556734507962126699', '12358978062450058644', '12939344767682947574', '11945214184414964911', '15486308746349052260', '18003169348084525124', '11148874634090602547']",0,y,n,,,,
48b2c307-08f4-4eea-9d17-759719781855,48b2c307-08f4-4eea-9d17-759719781855.mp4,"('cdf084bb-6f43-4c7f-a598-7f71e92f5378', 'd0b6386e-cf49-4023-85e4-201e5c954c33')","['f15423893750642129783d63c0', 'f17390880383351346991d66c0', 'f17470312808004966391d64c0', 'f18079105646551332381d65c0', 'f18375701533434111996d64c0', 'f14874904498821804471d65c0', 'f12957827943891892496d68c0', 'f14008645087787771473d67c0', 'f11616977501228917078d69c0', 'f14361677569231792431d69c0']","['f15423893750642129783d78c0', 'f17390880383351346991d76c0', 'f17470312808004966391d77c0', 'f18079105646551332381d75c0', 'f18375701533434111996d75c0', 'f14874904498821804471d73c0', 'f12957827943891892496d75c0', 'f14008645087787771473d74c0', 'f11616977501228917078d78c0', 'f14361677569231792431d76c0']","[1468937430.540398, 1468937430.870945, 1468937431.204953, 1468937431.53598, 1468937431.870215, 1468937432.200231, 1468937432.533238, 1468937432.866164, 1468937433.198877, 1468937433.529279]","['15423893750642129783', '17390880383351346991', '17470312808004966391', '18079105646551332381', '18375701533434111996', '14874904498821804471', '12957827943891892496', '14008645087787771473', '11616977501228917078', '14361677569231792431']",0,y,n,,,,
bd91c744-74dd-4b40-97c1-e8c6be30b2aa,bd91c744-74dd-4b40-97c1-e8c6be30b2aa.mp4,"('bfc63a58-be47-4a75-9641-6b1477f682f3', 'ee766145-e15b-465c-ad77-60ec7a18822c')","['f12689761305584586900d60c0', 'f17214128275473503409d59c0', 'f16115935147032869069d61c0', 'f12083031605952827028d60c0', 'f15822009893896188188d63c0', 'f10100275682952533381d63c0', 'f11923803437822316073d59c0', 'f12630146998585322504d59c0', 'f14331800045761723152d59c0', 'f17863614543901299200d60c0', 'f15286273742644098000d59c0', 'f17433726138053911516d60c0', 'f13261067350157425512d59c0']","['f12689761305584586900d54c0', 'f17214128275473503409d52c0', 'f16115935147032869069d55c0', 'f12083031605952827028d52c0', 'f15822009893896188188d54c0', 'f10100275682952533381d54c0', 'f11923803437822316073d51c0', 'f12630146998585322504d51c0', 'f14331800045761723152d51c0', 'f17863614543901299200d51c0', 'f15286273742644098000d52c0', 'f17433726138053911516d51c0', 'f13261067350157425512d51c0']","[1468938919.153682, 1468938919.486135, 1468938919.818499, 1468938920.150731, 1468938920.482878, 1468938920.814732, 1468938921.147091, 1468938921.47929, 1468938921.811669, 1468938922.14399, 1468938922.476039, 1468938922.808272, 1468938923.140636]","['12689761305584586900', '17214128275473503409', '16115935147032869069', '12083031605952827028', '15822009893896188188', '10100275682952533381', '11923803437822316073', '12630146998585322504', '14331800045761723152', '17863614543901299200', '15286273742644098000', '17433726138053911516', '13261067350157425512']",0,y,n,,,,
02f2eff5-dc9a-4f21-9fc9-735dbfe2f6e4,02f2eff5-dc9a-4f21-9fc9-735dbfe2f6e4.mp4,"('89dd1801-f1e5-427b-9fbe-36f67709e7f9', '1e1e73dc-39f8-44cd-974a-109348515248')","['f13896553656634721533d86c0', 'f13903104199935023442d88c0', 'f14426430080107268860d86c0', 'f15373494949839600660d88c0', 'f13025790848064699417d84c0', 'f15104410356605166441d84c0', 'f14789000959738014051d83c0', 'f15110110724387197498d82c0', 'f9802296498277714420d88c0', 'f9999503645013164912d88c0', 'f13826647929512395796d92c0', 'f15080236006045841716d92c0']","['f13896553656634721533d89c0', 'f13903104199935023442d90c0', 'f14426430080107268860d90c0', 'f15373494949839600660d90c0', 'f13025790848064699417d88c0', 'f15104410356605166441d88c0', 'f14789000959738014051d84c0', 'f15110110724387197498d86c0', 'f9802296498277714420d91c0', 'f9999503645013164912d90c0', 'f13826647929512395796d93c0', 'f15080236006045841716d93c0']","[1468936940.534683, 1468936940.866741, 1468936941.198947, 1468936941.531161, 1468936941.863289, 1468936942.195544, 1468936942.527862, 1468936942.86028, 1468936943.19224, 1468936943.524577, 1468936943.856826, 1468936944.189045]","['13896553656634721533', '13903104199935023442', '14426430080107268860', '15373494949839600660', '13025790848064699417', '15104410356605166441', '14789000959738014051', '15110110724387197498', '9802296498277714420', '9999503645013164912', '13826647929512395796', '15080236006045841716']",0,y,n,,,,
98624c25-63f5-4f9c-9706-2ee69fa6a62c,98624c25-63f5-4f9c-9706-2ee69fa6a62c.mp4,"('89dd1801-f1e5-427b-9fbe-36f67709e7f9', '527c35bc-5440-4f77-864a-c0c72a738be9')","['f14471865096680338270d83c0', 'f15462144476898873768d88c0', 'f12328836366498054791d88c0', 'f15839981699159212884d87c0', 'f11515226073295438079d87c0', 'f11018844023347867219d86c0', 'f16511965662121819111d84c0', 'f10784519439335262850d81c0']","['f14471865096680338270d88c0', 'f15462144476898873768d91c0', 'f12328836366498054791d90c0', 'f15839981699159212884d89c0', 'f11515226073295438079d89c0', 'f11018844023347867219d88c0', 'f16511965662121819111d87c0', 'f10784519439335262850d83c0']","[1468936931.23275, 1468936931.564992, 1468936931.897105, 1468936932.229383, 1468936932.561667, 1468936932.893913, 1468936933.225991, 1468936933.558346]","['14471865096680338270', '15462144476898873768', '12328836366498054791', '15839981699159212884', '11515226073295438079', '11018844023347867219', '16511965662121819111', '10784519439335262850']",0,y,n,,,,
dafedbfd-398e-4089-91c1-f2008df67328,dafedbfd-398e-4089-91c1-f2008df67328.mp4,"('89dd1801-f1e5-427b-9fbe-36f67709e7f9', '527c35bc-5440-4f77-864a-c0c72a738be9')","['f11611832444495988601d91c0', 'f11655680996279151477d89c0', 'f12120820222459290029d91c0', 'f13297797609481073601d92c0', 'f17168511566859216076d90c0', 'f10814475290775974306d92c0', 'f16130290893778777677d91c0', 'f14276712886304903412d88c0']","['f11611832444495988601d97c0', 'f11655680996279151477d94c0', 'f12120820222459290029d95c0', 'f13297797609481073601d96c0', 'f17168511566859216076d94c0', 'f10814475290775974306d98c0', 'f16130290893778777677d96c0', 'f14276712886304903412d96c0']","[1468936960.134763, 1468936960.466906, 1468936960.799377, 1468936961.131656, 1468936961.463872, 1468936961.795742, 1468936962.128236, 1468936962.460475]","['11611832444495988601', '11655680996279151477', '12120820222459290029', '13297797609481073601', '17168511566859216076', '10814475290775974306', '16130290893778777677', '14276712886304903412']",0,y,n,,,,
45cb3bcb-bf3c-4583-a46b-683664f2d05d,45cb3bcb-bf3c-4583-a46b-683664f2d05d.mp4,"('89dd1801-f1e5-427b-9fbe-36f67709e7f9', '527c35bc-5440-4f77-864a-c0c72a738be9')","['f15131483039398171115d87c0', 'f9341161960222228382d83c0', 'f12521296835404832963d89c0', 'f10089463972230516920d88c0', 'f15665736007759447774d90c0', 'f14149788047587431683d92c0', 'f17803101602696085072d91c0', 'f17535246072508306441d91c0']","['f15131483039398171115d81c0', 'f9341161960222228382d78c0', 'f12521296835404832963d82c0', 'f10089463972230516920d82c0', 'f15665736007759447774d84c0', 'f14149788047587431683d85c0', 'f17803101602696085072d84c0', 'f17535246072508306441d85c0']","[1468937015.61327, 1468937015.945262, 1468937016.609947, 1468937016.942082, 1468937017.274209, 1468937017.606313, 1468937017.938746, 1468937018.270721]","['15131483039398171115', '9341161960222228382', '12521296835404832963', '10089463972230516920', '15665736007759447774', '14149788047587431683', '17803101602696085072', '17535246072508306441']",0,y,n,,,,
b3de99cc-7f81-4afc-b08f-3b54ed7f5272,b3de99cc-7f81-4afc-b08f-3b54ed7f5272.mp4,"('08e0ea92-9e2d-43c3-b941-dfc5d617728e', '4f19074b-3757-4493-babc-f4d02cb6715a')","['f12579272189004425675d83c0', 'f15425685183649338884d83c0', 'f12963382381811973612d85c0', 'f15255048901963432831d83c0', 'f15193429622055824398d80c0', 'f15502440995942494625d83c0', 'f11543342143477282262d83c0', 'f9586679257138124384d84c0', 'f12460136913521907052d86c0', 'f16896441662668224030d83c0', 'f12758399367180255581d81c0', 'f18355938075734005089d82c0', 'f14749748954822839584d80c0', 'f13847568731838534475d81c0', 'f12907583872578309384d83c0', 'f10514033186134670629d85c0', 'f14833288593432802469d82c0']","['f12579272189004425675d81c0', 'f15425685183649338884d81c0', 'f12963382381811973612d82c0', 'f15255048901963432831d82c0', 'f15193429622055824398d78c0', 'f15502440995942494625d81c0', 'f11543342143477282262d81c0', 'f9586679257138124384d83c0', 'f12460136913521907052d84c0', 'f16896441662668224030d81c0', 'f12758399367180255581d79c0', 'f18355938075734005089d81c0', 'f14749748954822839584d82c0', 'f13847568731838534475d78c0', 'f12907583872578309384d79c0', 'f10514033186134670629d81c0', 'f14833288593432802469d81c0']","[1468937382.368607, 1468937382.700813, 1468937383.033135, 1468937383.365264, 1468937383.697483, 1468937384.362005, 1468937384.694254, 1468937385.02616, 1468937385.358438, 1468937387.351887, 1468937387.684135, 1468937388.016086, 1468937388.348474, 1468937388.680872, 1468937389.012825, 1468937389.345144, 1468937389.677433]","['12579272189004425675', '15425685183649338884', '12963382381811973612', '15255048901963432831', '15193429622055824398', '15502440995942494625', '11543342143477282262', '9586679257138124384', '12460136913521907052', '16896441662668224030', '12758399367180255581', '18355938075734005089', '14749748954822839584', '13847568731838534475', '12907583872578309384', '10514033186134670629', '14833288593432802469']",0,y,n,,,,
b772a4fd-07a2-418d-9cbc-364c8fc53c35,b772a4fd-07a2-418d-9cbc-364c8fc53c35.mp4,"('a7131b2a-71fc-43ec-bef8-1b69f1030a31', '9375b32f-78f9-4ea2-9873-1fe29224cba2')","['f16229470394724348136d80c0', 'f12525528935190538233d84c0', 'f18429673796079678306d88c0', 'f15595117997883714197d85c0']","['f16229470394724348136d74c0', 'f12525528935190538233d77c0', 'f18429673796079678306d80c0', 'f15595117997883714197d78c0']","[1468936699.020574, 1468936699.352868, 1468936699.685033, 1468936701.678483]","['16229470394724348136', '12525528935190538233', '18429673796079678306', '15595117997883714197']",0,y,n,,,,
87c408b9-4a36-42c4-a7cc-73940d293280,87c408b9-4a36-42c4-a7cc-73940d293280.mp4,"('b87e0666-00a9-46f1-9d5e-52d39388d7ee', '8bdca5cb-bccf-4f4a-91f1-3c55f742edb8')","['f13999008558980115211d72c0', 'f14100825006007647461d73c0', 'f16428839650182481249d71c0', 'f11003399005628078966d72c0', 'f15649904067754108613d70c0']","['f13999008558980115211d80c0', 'f14100825006007647461d78c0', 'f16428839650182481249d77c0', 'f11003399005628078966d79c0', 'f15649904067754108613d77c0']","[1468938696.243975, 1468938697.9047, 1468938698.236703, 1468938698.569001, 1468938698.901493]","['13999008558980115211', '14100825006007647461', '16428839650182481249', '11003399005628078966', '15649904067754108613']",0,y,n,,,,
b2ef6903-1a3f-4678-b3ef-5a79457e75e9,b2ef6903-1a3f-4678-b3ef-5a79457e75e9.mp4,"('b87e0666-00a9-46f1-9d5e-52d39388d7ee', '009e0a8f-e586-4553-8da9-b48bb97deb8d')","['f13963971134021407086d68c0', 'f12708504148971168319d68c0', 'f12155308673181331474d67c0', 'f13442036812696639009d70c0', 'f13038953498237966988d70c0', 'f14699017591417577152d68c0', 'f17488209325303472714d67c0', 'f18231161090938077323d66c0']","['f13963971134021407086d73c0', 'f12708504148971168319d76c0', 'f12155308673181331474d75c0', 'f13442036812696639009d75c0', 'f13038953498237966988d76c0', 'f14699017591417577152d72c0', 'f17488209325303472714d71c0', 'f18231161090938077323d69c0']","[1468938684.284396, 1468938684.616658, 1468938684.948961, 1468938685.281113, 1468938685.613501, 1468938685.945472, 1468938686.277443, 1468938686.609623]","['13963971134021407086', '12708504148971168319', '12155308673181331474', '13442036812696639009', '13038953498237966988', '14699017591417577152', '17488209325303472714', '18231161090938077323']",0,y,n,,,,
9504234f-e5ea-4594-848a-76319c1b1c5a,9504234f-e5ea-4594-848a-76319c1b1c5a.mp4,"('21e15a12-87cc-4989-92c3-3fed7da6eeef', '9c69bc58-1eb5-4a02-ae3c-4dabefbc86e4')","['f16594338806892241577d73c0', 'f14127638131659163377d75c0', 'f9526858839485468211d73c0', 'f17240839164584492585d74c0', 'f11131735877834644848d73c0', 'f14239686058738269013d74c0', 'f9751232979694083968d72c0', 'f14721310570874170179d74c0', 'f14385706239204071652d74c0', 'f9947839084923806663d73c0', 'f15539754330846812498d75c0', 'f11539125472832755890d74c0', 'f16205527641723246509d75c0', 'f17237696962572927394d73c0', 'f11029117517877461454d72c0']","['f16594338806892241577d76c0', 'f14127638131659163377d78c0', 'f9526858839485468211d77c0', 'f17240839164584492585d78c0', 'f11131735877834644848d78c0', 'f14239686058738269013d79c0', 'f9751232979694083968d75c0', 'f14721310570874170179d77c0', 'f14385706239204071652d78c0', 'f9947839084923806663d77c0', 'f15539754330846812498d80c0', 'f11539125472832755890d80c0', 'f16205527641723246509d81c0', 'f17237696962572927394d77c0', 'f11029117517877461454d76c0']","[1468937808.256983, 1468937808.58907, 1468937808.92136, 1468937809.253748, 1468937809.585865, 1468937809.917811, 1468937810.250239, 1468937810.582239, 1468937810.914822, 1468937811.579052, 1468937811.910988, 1468937812.243388, 1468937812.575595, 1468937812.907917, 1468937813.240188]","['16594338806892241577', '14127638131659163377', '9526858839485468211', '17240839164584492585', '11131735877834644848', '14239686058738269013', '9751232979694083968', '14721310570874170179', '14385706239204071652', '9947839084923806663', '15539754330846812498', '11539125472832755890', '16205527641723246509', '17237696962572927394', '11029117517877461454']",0,y,n,,,,
41430adc-978f-49de-bf34-85d99c478cc0,41430adc-978f-49de-bf34-85d99c478cc0.mp4,"('21e15a12-87cc-4989-92c3-3fed7da6eeef', 'd61065b9-c130-4b88-83c4-4f9a47fd50cc')","['f18312597251036694611d72c0', 'f16649542000927679451d74c0', 'f14240152125124483609d73c0', 'f9847392737154897637d75c0', 'f17412705679019000154d74c0', 'f9439944625556244441d73c0', 'f15997875602773094168d72c0', 'f14468504366913299843d72c0', 'f12688563241106539968d72c0', 'f12685062829109877587d71c0', 'f9616235487291543755d73c0', 'f16132856019421038678d70c0', 'f10066476549581676973d74c0']","['f18312597251036694611d75c0', 'f16649542000927679451d73c0', 'f14240152125124483609d71c0', 'f9847392737154897637d73c0', 'f17412705679019000154d71c0', 'f9439944625556244441d69c0', 'f15997875602773094168d70c0', 'f14468504366913299843d69c0', 'f12688563241106539968d69c0', 'f12685062829109877587d68c0', 'f9616235487291543755d70c0', 'f16132856019421038678d68c0', 'f10066476549581676973d70c0']","[1468937797.62617, 1468937797.958302, 1468937798.29034, 1468937798.623015, 1468937798.955015, 1468937799.287453, 1468937799.619474, 1468937799.951826, 1468937800.283986, 1468937800.61622, 1468937800.948565, 1468937801.280621, 1468937801.612832]","['18312597251036694611', '16649542000927679451', '14240152125124483609', '9847392737154897637', '17412705679019000154', '9439944625556244441', '15997875602773094168', '14468504366913299843', '12688563241106539968', '12685062829109877587', '9616235487291543755', '16132856019421038678', '10066476549581676973']",0,y,n,,,,
fb7c9189-fe72-4a18-95e3-05dc4f7bcfa4,fb7c9189-fe72-4a18-95e3-05dc4f7bcfa4.mp4,"('5a67de45-4a58-41cd-856e-1c39c63a61f5', 'f9313850-97c2-4b6b-a060-6ef00d4a1f64')","['f15616895370095951694d69c0', 'f10145415573840767324d67c0', 'f13736512099860402667d73c0', 'f9242053381878832638d73c0', 'f11685470788714826541d76c0', 'f17582907756575214591d75c0', 'f13917173392487714841d73c0', 'f9432006428955229075d73c0']","['f15616895370095951694d70c0', 'f10145415573840767324d68c0', 'f13736512099860402667d75c0', 'f9242053381878832638d75c0', 'f11685470788714826541d74c0', 'f17582907756575214591d72c0', 'f13917173392487714841d69c0', 'f9432006428955229075d67c0']","[1468933131.792543, 1468933132.124326, 1468933134.117475, 1468933134.449444, 1468933134.781854, 1468933135.114152, 1468933135.446416, 1468933135.778499]","['15616895370095951694', '10145415573840767324', '13736512099860402667', '9242053381878832638', '11685470788714826541', '17582907756575214591', '13917173392487714841', '9432006428955229075']",0,y,n,,,,
ae60424c-8b8f-49d6-b3dd-925b3409e32e,ae60424c-8b8f-49d6-b3dd-925b3409e32e.mp4,"('b8a4537c-2e06-4de0-b224-0b6bb90095b3', '857462cb-c33d-4387-889e-3debf5d1e694')","['f13394393482233971367d27c0', 'f11455055281318931198d25c0', 'f16184162921566030666d26c0', 'f11005452446059872788d26c0', 'f12886115309528249070d24c0', 'f14788783428413371255d25c0', 'f11564730398697394048d27c0']","['f13394393482233971367d28c0', 'f11455055281318931198d28c0', 'f16184162921566030666d28c0', 'f11005452446059872788d28c0', 'f12886115309528249070d26c0', 'f14788783428413371255d26c0', 'f11564730398697394048d28c0']","[1468937059.46452, 1468937059.796951, 1468937060.129033, 1468937060.460966, 1468937060.793305, 1468937061.457809, 1468937061.789916]","['13394393482233971367', '11455055281318931198', '16184162921566030666', '11005452446059872788', '12886115309528249070', '14788783428413371255', '11564730398697394048']",0,y,n,,,,
a9d61d01-3d0e-4c39-9e73-610a2728d9c8,a9d61d01-3d0e-4c39-9e73-610a2728d9c8.mp4,"('b8a4537c-2e06-4de0-b224-0b6bb90095b3', '857462cb-c33d-4387-889e-3debf5d1e694')","['f13058102982380508544d28c0', 'f11671122849884883408d26c0', 'f17596023311949101807d26c0', 'f11276212134124047628d25c0', 'f15684332167666821599d27c0', 'f16317222604521123949d29c0', 'f13261570645390211589d27c0', 'f10624364525740968503d27c0', 'f13272127437646158788d26c0', 'f11496350232087090512d27c0', 'f10627476014404514409d29c0']","['f13058102982380508544d27c0', 'f11671122849884883408d25c0', 'f17596023311949101807d25c0', 'f11276212134124047628d24c0', 'f15684332167666821599d25c0', 'f16317222604521123949d27c0', 'f13261570645390211589d24c0', 'f10624364525740968503d24c0', 'f13272127437646158788d23c0', 'f11496350232087090512d24c0', 'f10627476014404514409d25c0']","[1468937088.036167, 1468937088.367523, 1468937088.700656, 1468937089.032709, 1468937089.363791, 1468937089.697759, 1468937090.027559, 1468937090.361963, 1468937090.692759, 1468937091.026964, 1468937091.356955]","['13058102982380508544', '11671122849884883408', '17596023311949101807', '11276212134124047628', '15684332167666821599', '16317222604521123949', '13261570645390211589', '10624364525740968503', '13272127437646158788', '11496350232087090512', '10627476014404514409']",0,y,n,,,,
4b165aef-4d2f-4fb8-b01d-669befd2eea8,4b165aef-4d2f-4fb8-b01d-669befd2eea8.mp4,"('b8a4537c-2e06-4de0-b224-0b6bb90095b3', '12326d80-5d79-4a30-a928-f8a93a86d21e')","['f12628502723003027999d29c0', 'f11397317559714959629d29c0', 'f9949020681560688328d28c0', 'f16167670783508344924d29c0', 'f10310032031412828923d29c0', 'f14470568352058982661d29c0']","['f12628502723003027999d35c0', 'f11397317559714959629d36c0', 'f9949020681560688328d35c0', 'f16167670783508344924d35c0', 'f10310032031412828923d34c0', 'f14470568352058982661d33c0']","[1468937036.210158, 1468937036.542364, 1468937036.874564, 1468937037.206761, 1468937037.53873, 1468937038.535252]","['12628502723003027999', '11397317559714959629', '9949020681560688328', '16167670783508344924', '10310032031412828923', '14470568352058982661']",0,y,n,,,,
d00807e8-9342-433f-9c0f-bb518c2dbf5b,d00807e8-9342-433f-9c0f-bb518c2dbf5b.mp4,"('b8a4537c-2e06-4de0-b224-0b6bb90095b3', 'e2d221f8-7a42-4933-82c8-27f300bcc9cf')","['f15424930249254670740d39c0', 'f18268191402794264544d42c0', 'f10643027251662788516d42c0', 'f13311461198602563607d41c0', 'f17521177564297891582d41c0', 'f16789309862951852123d42c0', 'f13440404425351916748d43c0', 'f17291915275216185025d42c0']","['f15424930249254670740d43c0', 'f18268191402794264544d46c0', 'f10643027251662788516d45c0', 'f13311461198602563607d42c0', 'f17521177564297891582d42c0', 'f16789309862951852123d44c0', 'f13440404425351916748d45c0', 'f17291915275216185025d44c0']","[1468937175.072323, 1468937175.404337, 1468937175.736684, 1468937176.069008, 1468937176.400888, 1468937176.735668, 1468937177.065708, 1468937177.398064]","['15424930249254670740', '18268191402794264544', '10643027251662788516', '13311461198602563607', '17521177564297891582', '16789309862951852123', '13440404425351916748', '17291915275216185025']",0,y,n,,,,
7f221f79-7b59-49c1-aa9c-a69e8d28dfa1,7f221f79-7b59-49c1-aa9c-a69e8d28dfa1.mp4,"('e0d3d4f6-1786-468c-b559-4987442f2ece', 'ddf5e92b-4e36-4269-9e8c-603502553200')","['f9918816181993696840d20c0', 'f10541689902536741108d19c0', 'f14957590770694529054d19c0', 'f14832611170962274491d18c0', 'f9484631628637944863d18c0', 'f17684135972198850843d18c0', 'f16754401464803349920d21c0', 'f15326228389428699613d21c0', 'f15860786566847998118d19c0', 'f11490912572484345682d18c0', 'f9386074556035285356d21c0', 'f15214836007095593511d19c0', 'f15105325449900060673d21c0', 'f9859095677647610648d20c0', 'f9491034166895394668d21c0', 'f15969938167361052464d19c0', 'f10478066681116829560d21c0', 'f10501863026120032156d20c0']","['f9918816181993696840d23c0', 'f10541689902536741108d22c0', 'f14957590770694529054d22c0', 'f14832611170962274491d21c0', 'f9484631628637944863d21c0', 'f17684135972198850843d21c0', 'f16754401464803349920d24c0', 'f15326228389428699613d24c0', 'f15860786566847998118d22c0', 'f11490912572484345682d21c0', 'f9386074556035285356d24c0', 'f15214836007095593511d22c0', 'f15105325449900060673d24c0', 'f9859095677647610648d23c0', 'f9491034166895394668d24c0', 'f15969938167361052464d22c0', 'f10478066681116829560d23c0', 'f10501863026120032156d24c0']","[1468935618.02243, 1468935618.354551, 1468935618.686848, 1468935619.018873, 1468935619.35096, 1468935619.683452, 1468935620.015438, 1468935620.347691, 1468935620.679898, 1468935621.01211, 1468935621.344511, 1468935621.676746, 1468935622.00896, 1468935622.341049, 1468935622.67319, 1468935623.005406, 1468935623.337496, 1468935623.669813]","['9918816181993696840', '10541689902536741108', '14957590770694529054', '14832611170962274491', '9484631628637944863', '17684135972198850843', '16754401464803349920', '15326228389428699613', '15860786566847998118', '11490912572484345682', '9386074556035285356', '15214836007095593511', '15105325449900060673', '9859095677647610648', '9491034166895394668', '15969938167361052464', '10478066681116829560', '10501863026120032156']",0,y,n,,,,
1e610d62-235f-41b5-9fe5-160b97c73ef2,1e610d62-235f-41b5-9fe5-160b97c73ef2.mp4,"('2d9d012f-8ab8-446d-8de3-b1451ef0436b', '2ea982f9-a4e3-4c7d-981e-da9e86f0970a')","['f15249490864893120145d73c0', 'f10567489510655960854d74c0', 'f18303979251380107476d73c0', 'f15805781096436114355d72c0', 'f12802857972919307693d73c0', 'f11952326856695983701d74c0', 'f16159330048922263818d72c0', 'f10177505058991209474d74c0']","['f15249490864893120145d75c0', 'f10567489510655960854d79c0', 'f18303979251380107476d77c0', 'f15805781096436114355d77c0', 'f12802857972919307693d78c0', 'f11952326856695983701d78c0', 'f16159330048922263818d77c0', 'f10177505058991209474d80c0']","[1468933154.714323, 1468933155.71076, 1468933156.043173, 1468933156.375588, 1468933156.707571, 1468933157.039893, 1468933157.371927, 1468933157.704322]","['15249490864893120145', '10567489510655960854', '18303979251380107476', '15805781096436114355', '12802857972919307693', '11952326856695983701', '16159330048922263818', '10177505058991209474']",0,y,n,,,,
98fbf9be-0796-416d-a569-cde982b5ac9e,98fbf9be-0796-416d-a569-cde982b5ac9e.mp4,"('2d9d012f-8ab8-446d-8de3-b1451ef0436b', '53095e87-ecf2-448c-a06d-5b99a2a10c05')","['f13051608708552713229d97c0', 'f14001622232860329548d99c0', 'f11359752833253142743d98c0', 'f15447780436888902702d100c0', 'f10815681233430729542d96c0', 'f15988928299385365889d95c0', 'f12628376795171968098d93c0', 'f12058737040344473457d95c0', 'f15482475304858189007d95c0', 'f16756049157269808139d95c0', 'f11667867094658054431d94c0', 'f11139577359311124371d94c0', 'f13675883633838176040d98c0', 'f16401054252460265862d94c0', 'f11176127229995269001d97c0', 'f15536744633642290316d96c0']","['f13051608708552713229d99c0', 'f14001622232860329548d103c0', 'f11359752833253142743d102c0', 'f15447780436888902702d102c0', 'f10815681233430729542d100c0', 'f15988928299385365889d99c0', 'f12628376795171968098d97c0', 'f12058737040344473457d100c0', 'f15482475304858189007d99c0', 'f16756049157269808139d101c0', 'f11667867094658054431d99c0', 'f11139577359311124371d98c0', 'f13675883633838176040d102c0', 'f16401054252460265862d98c0', 'f11176127229995269001d100c0', 'f15536744633642290316d98c0']","[1468933435.096366, 1468933435.428539, 1468933435.760815, 1468933436.092933, 1468933436.425276, 1468933436.757184, 1468933437.090967, 1468933437.421877, 1468933437.75484, 1468933438.086221, 1468933438.418415, 1468933438.750555, 1468933439.083007, 1468933439.414875, 1468933439.747192, 1468933440.079514]","['13051608708552713229', '14001622232860329548', '11359752833253142743', '15447780436888902702', '10815681233430729542', '15988928299385365889', '12628376795171968098', '12058737040344473457', '15482475304858189007', '16756049157269808139', '11667867094658054431', '11139577359311124371', '13675883633838176040', '16401054252460265862', '11176127229995269001', '15536744633642290316']",0,y,n,,,,
147e0994-58d6-4506-967d-8974022480de,147e0994-58d6-4506-967d-8974022480de.mp4,"('2d9d012f-8ab8-446d-8de3-b1451ef0436b', 'c832299e-6970-4086-83a5-fc282aa6cc16')","['f16031011772648248773d99c0', 'f13518373369386766421d99c0', 'f14828684463721762758d101c0', 'f10084127679697743526d103c0', 'f10318740805559435250d105c0', 'f17609124290142694112d108c0', 'f9883732128850408036d102c0', 'f15857839367874408399d103c0', 'f14732630536035032951d104c0', 'f15212274912415127347d107c0', 'f17056181889131209754d106c0', 'f13066613818342026347d107c0', 'f18334009025751437651d109c0', 'f15010190641846959550d108c0']","['f16031011772648248773d104c0', 'f13518373369386766421d103c0', 'f14828684463721762758d99c0', 'f10084127679697743526d101c0', 'f10318740805559435250d101c0', 'f17609124290142694112d103c0', 'f9883732128850408036d100c0', 'f15857839367874408399d104c0', 'f14732630536035032951d105c0', 'f15212274912415127347d105c0', 'f17056181889131209754d107c0', 'f13066613818342026347d106c0', 'f18334009025751437651d107c0', 'f15010190641846959550d106c0']","[1468933608.508261, 1468933608.840446, 1468933609.172558, 1468933609.504694, 1468933609.838113, 1468933610.169083, 1468933610.502495, 1468933610.833413, 1468933611.165819, 1468933611.497991, 1468933611.829928, 1468933612.162086, 1468933612.494436, 1468933612.82669]","['16031011772648248773', '13518373369386766421', '14828684463721762758', '10084127679697743526', '10318740805559435250', '17609124290142694112', '9883732128850408036', '15857839367874408399', '14732630536035032951', '15212274912415127347', '17056181889131209754', '13066613818342026347', '18334009025751437651', '15010190641846959550']",0,y,n,,,,
607c1800-cd4d-4bef-84c4-c804b89f5a25,607c1800-cd4d-4bef-84c4-c804b89f5a25.mp4,"('2d9d012f-8ab8-446d-8de3-b1451ef0436b', 'dc4aa429-5e03-486d-9ba2-e6ad1478b3b6')","['f10177505058991209474d74c0', 'f17851311602411330247d76c0', 'f12195692143517428507d76c0', 'f10904038164267668850d77c0', 'f13609616903581930435d75c0', 'f14686450451934481015d76c0', 'f15334763499754945380d77c0', 'f15905942366401047314d76c0', 'f17146581994908529954d76c0']","['f10177505058991209474d68c0', 'f17851311602411330247d69c0', 'f12195692143517428507d70c0', 'f10904038164267668850d71c0', 'f13609616903581930435d67c0', 'f14686450451934481015d71c0', 'f15334763499754945380d68c0', 'f15905942366401047314d69c0', 'f17146581994908529954d70c0']","[1468933157.704322, 1468933158.036619, 1468933158.368826, 1468933158.700694, 1468933159.033239, 1468933159.364935, 1468933159.697674, 1468933160.030373, 1468933160.362036]","['10177505058991209474', '17851311602411330247', '12195692143517428507', '10904038164267668850', '13609616903581930435', '14686450451934481015', '15334763499754945380', '15905942366401047314', '17146581994908529954']",0,y,n,,,,
2565319f-4998-4512-ad0e-271b647e2e34,2565319f-4998-4512-ad0e-271b647e2e34.mp4,"('2d9d012f-8ab8-446d-8de3-b1451ef0436b', '0c63fef6-721d-4901-a1bf-344d1947c4e3')","['f14012571650093832195d78c0', 'f14456407660386988005d75c0', 'f17763226649420050712d75c0', 'f17747537191707563900d74c0', 'f15001117630290735630d72c0', 'f14295805661846664617d72c0', 'f9472601971989696108d71c0', 'f10728097178358364949d72c0', 'f9649003480801167368d76c0', 'f14707438820178717085d72c0', 'f17692126848217678820d67c0']","['f14012571650093832195d76c0', 'f14456407660386988005d74c0', 'f17763226649420050712d72c0', 'f17747537191707563900d72c0', 'f15001117630290735630d70c0', 'f14295805661846664617d75c0', 'f9472601971989696108d73c0', 'f10728097178358364949d74c0', 'f9649003480801167368d75c0', 'f14707438820178717085d74c0', 'f17692126848217678820d70c0']","[1468933166.673851, 1468933167.0059, 1468933167.338294, 1468933167.670512, 1468933168.002952, 1468933168.334942, 1468933168.666809, 1468933168.999197, 1468933169.333764, 1468933169.663821, 1468933169.996014]","['14012571650093832195', '14456407660386988005', '17763226649420050712', '17747537191707563900', '15001117630290735630', '14295805661846664617', '9472601971989696108', '10728097178358364949', '9649003480801167368', '14707438820178717085', '17692126848217678820']",0,y,n,,,,
0759ad20-dd00-4431-a931-0dd193e05d8a,0759ad20-dd00-4431-a931-0dd193e05d8a.mp4,"('2d9d012f-8ab8-446d-8de3-b1451ef0436b', '0c63fef6-721d-4901-a1bf-344d1947c4e3')","['f15288776663353902472d67c0', 'f16470763648068145432d69c0', 'f15105348453325014711d68c0', 'f9466257174448228019d67c0', 'f18389196302183241714d68c0', 'f12906066419336074837d67c0', 'f17788392583487212782d66c0', 'f10480648029520297291d66c0', 'f9956992126952270208d68c0', 'f10456644601434953817d67c0', 'f12113930943492255962d69c0', 'f10194718157078669975d69c0', 'f17159144318486411520d69c0', 'f15500236642892395281d71c0', 'f11383472803936993851d73c0', 'f11890445922544235623d72c0', 'f18172312086719893600d72c0', 'f9347313744935066152d73c0']","['f15288776663353902472d68c0', 'f16470763648068145432d68c0', 'f15105348453325014711d71c0', 'f9466257174448228019d70c0', 'f18389196302183241714d71c0', 'f12906066419336074837d71c0', 'f17788392583487212782d70c0', 'f10480648029520297291d69c0', 'f9956992126952270208d71c0', 'f10456644601434953817d71c0', 'f12113930943492255962d74c0', 'f10194718157078669975d72c0', 'f17159144318486411520d70c0', 'f15500236642892395281d72c0', 'f11383472803936993851d72c0', 'f11890445922544235623d73c0', 'f18172312086719893600d73c0', 'f9347313744935066152d74c0']","[1468933170.660288, 1468933170.992432, 1468933171.324884, 1468933171.656825, 1468933171.989121, 1468933172.321335, 1468933172.653781, 1468933172.985859, 1468933173.317869, 1468933173.649904, 1468933173.982272, 1468933174.314461, 1468933174.646643, 1468933174.978796, 1468933175.311306, 1468933175.643234, 1468933175.975684, 1468933176.307508]","['15288776663353902472', '16470763648068145432', '15105348453325014711', '9466257174448228019', '18389196302183241714', '12906066419336074837', '17788392583487212782', '10480648029520297291', '9956992126952270208', '10456644601434953817', '12113930943492255962', '10194718157078669975', '17159144318486411520', '15500236642892395281', '11383472803936993851', '11890445922544235623', '18172312086719893600', '9347313744935066152']",0,y,n,,,,
6c7e3969-672f-416f-9204-ee1d28c5af74,6c7e3969-672f-416f-9204-ee1d28c5af74.mp4,"('2d9d012f-8ab8-446d-8de3-b1451ef0436b', '299df75c-8ab0-459d-be78-7f5a34c7dee7')","['f10848226857153160576d91c0', 'f16886575167955191588d90c0', 'f10232369137507376107d87c0', 'f12128959696742816998d86c0', 'f10149160344530959875d86c0', 'f17149243766633842701d84c0', 'f15940891724630603602d84c0', 'f15718993739938212545d84c0', 'f12215269006018756782d80c0']","['f10848226857153160576d101c0', 'f16886575167955191588d98c0', 'f10232369137507376107d93c0', 'f12128959696742816998d90c0', 'f10149160344530959875d89c0', 'f17149243766633842701d88c0', 'f15940891724630603602d88c0', 'f15718993739938212545d90c0', 'f12215269006018756782d83c0']","[1468933342.07873, 1468933342.410659, 1468933342.742981, 1468933343.075214, 1468933343.407311, 1468933343.739714, 1468933344.071851, 1468933344.40422, 1468933344.736327]","['10848226857153160576', '16886575167955191588', '10232369137507376107', '12128959696742816998', '10149160344530959875', '17149243766633842701', '15940891724630603602', '15718993739938212545', '12215269006018756782']",0,y,n,,,,
7dc456c0-2bb3-4642-957b-a52eb84ba3e3,7dc456c0-2bb3-4642-957b-a52eb84ba3e3.mp4,"('00a17a04-c000-41d0-a20d-5344d633df07', '41da25e2-860f-413b-9288-5eec77da0af6')","['f14328153677367387925d58c0', 'f16565836013976317040d58c0', 'f13159125851964721805d57c0', 'f16765436689637789932d57c0', 'f17175157548565868101d58c0', 'f13751397658689105703d56c0', 'f15383482995361411084d56c0', 'f14322381564917146910d54c0', 'f17140535629428806621d55c0', 'f12371189819619377302d55c0']","['f14328153677367387925d62c0', 'f16565836013976317040d62c0', 'f13159125851964721805d61c0', 'f16765436689637789932d60c0', 'f17175157548565868101d62c0', 'f13751397658689105703d60c0', 'f15383482995361411084d60c0', 'f14322381564917146910d57c0', 'f17140535629428806621d59c0', 'f12371189819619377302d59c0']","[1468935110.079162, 1468935110.411665, 1468935111.075886, 1468935111.408246, 1468935111.739991, 1468935112.072522, 1468935112.404618, 1468935112.737011, 1468935113.069358, 1468935113.401206]","['14328153677367387925', '16565836013976317040', '13159125851964721805', '16765436689637789932', '17175157548565868101', '13751397658689105703', '15383482995361411084', '14322381564917146910', '17140535629428806621', '12371189819619377302']",0,y,n,,,,
2967c4b7-dc4d-4311-a53f-94adfd6ec1f1,2967c4b7-dc4d-4311-a53f-94adfd6ec1f1.mp4,"('e0a9a187-f068-4f73-b718-d416c03d068d', '94903e80-8479-4ad2-979e-ae5eb2a05395')","['f17673280160674336409d27c0', 'f10878513193462670580d26c0', 'f11959826909493071172d25c0', 'f11947527323076890909d25c0', 'f13691674552938373808d24c0', 'f12495789158292095166d27c0', 'f17603052200027157899d29c0', 'f11222464531666734112d28c0', 'f14465947791803102598d28c0', 'f9491302163059040319d28c0', 'f17756686108939715581d28c0', 'f15979305603162771556d30c0', 'f14467028079743876280d28c0']","['f17673280160674336409d24c0', 'f10878513193462670580d24c0', 'f11959826909493071172d24c0', 'f11947527323076890909d23c0', 'f13691674552938373808d22c0', 'f12495789158292095166d25c0', 'f17603052200027157899d26c0', 'f11222464531666734112d26c0', 'f14465947791803102598d27c0', 'f9491302163059040319d27c0', 'f17756686108939715581d27c0', 'f15979305603162771556d28c0', 'f14467028079743876280d26c0']","[1468938543.761272, 1468938544.094562, 1468938544.425644, 1468938544.757917, 1468938545.090013, 1468938545.422378, 1468938545.756519, 1468938546.088916, 1468938546.420265, 1468938546.752531, 1468938547.08209, 1468938547.415556, 1468938547.746068]","['17673280160674336409', '10878513193462670580', '11959826909493071172', '11947527323076890909', '13691674552938373808', '12495789158292095166', '17603052200027157899', '11222464531666734112', '14465947791803102598', '9491302163059040319', '17756686108939715581', '15979305603162771556', '14467028079743876280']",0,y,n,,,,
b68648cd-15d1-4d49-8bc1-4ae03ce1447e,b68648cd-15d1-4d49-8bc1-4ae03ce1447e.mp4,"('83010dae-337b-404e-84db-684707d81ff0', 'b6f15a1d-d33f-4a79-97a1-d09743815d2f')","['f10874633732059940389d51c0', 'f16019369900861471006d51c0', 'f14242177233536387575d51c0', 'f9516709140542517272d50c0', 'f9807819930953421278d50c0', 'f10949453417241754688d48c0', 'f15282078780058435702d51c0', 'f13190202925550879243d49c0', 'f16033150838298612459d47c0', 'f16374374466785141543d50c0', 'f14896079075983880119d49c0', 'f11476284345803776802d50c0', 'f18203848295785935245d52c0', 'f12072040577717273521d50c0', 'f18182662582017668331d51c0', 'f9992173990039324587d50c0', 'f12809171632857361116d49c0', 'f17808102620332922478d50c0', 'f16780048242171053318d48c0', 'f17467226814565020063d50c0', 'f10417818311546880672d50c0', 'f18212303703518463735d50c0', 'f11077158605541216649d49c0', 'f9676912920715325701d49c0', 'f16074928996852637313d51c0', 'f13902389570424738551d51c0', 'f15174873086287072293d50c0', 'f18162408502169973637d51c0', 'f14837474382120961974d54c0', 'f17058608972543009707d52c0', 'f13798949712163220825d51c0', 'f11287765059055403300d52c0', 'f17857339001713866761d52c0', 'f14904212379192000830d52c0', 'f10365754981326159233d53c0', 'f18051502757702037182d50c0', 'f11741854169003751091d52c0', 'f13583666255035298768d52c0', 'f10703271684112932541d51c0', 'f16679824072865530436d49c0', 'f12114117509476159994d51c0', 'f16914207748545694400d52c0', 'f14742512025340499540d55c0']","['f10874633732059940389d47c0', 'f16019369900861471006d47c0', 'f14242177233536387575d48c0', 'f9516709140542517272d49c0', 'f9807819930953421278d49c0', 'f10949453417241754688d47c0', 'f15282078780058435702d49c0', 'f13190202925550879243d48c0', 'f16033150838298612459d46c0', 'f16374374466785141543d48c0', 'f14896079075983880119d48c0', 'f11476284345803776802d49c0', 'f18203848295785935245d50c0', 'f12072040577717273521d49c0', 'f18182662582017668331d50c0', 'f9992173990039324587d49c0', 'f12809171632857361116d48c0', 'f17808102620332922478d47c0', 'f16780048242171053318d47c0', 'f17467226814565020063d49c0', 'f10417818311546880672d48c0', 'f18212303703518463735d48c0', 'f11077158605541216649d47c0', 'f9676912920715325701d48c0', 'f16074928996852637313d50c0', 'f13902389570424738551d50c0', 'f15174873086287072293d49c0', 'f18162408502169973637d50c0', 'f14837474382120961974d52c0', 'f17058608972543009707d51c0', 'f13798949712163220825d49c0', 'f11287765059055403300d51c0', 'f17857339001713866761d51c0', 'f14904212379192000830d50c0', 'f10365754981326159233d52c0', 'f18051502757702037182d48c0', 'f11741854169003751091d49c0', 'f13583666255035298768d51c0', 'f10703271684112932541d50c0', 'f16679824072865530436d51c0', 'f12114117509476159994d54c0', 'f16914207748545694400d54c0', 'f14742512025340499540d53c0']","[1468932528.173565, 1468932528.505878, 1468932528.838065, 1468932529.170174, 1468932529.502201, 1468932529.834477, 1468932530.166934, 1468932530.499054, 1468932530.831297, 1468932531.163344, 1468932531.495617, 1468932531.827677, 1468932532.159975, 1468932532.492274, 1468932532.824442, 1468932533.156603, 1468932533.488752, 1468932533.820917, 1468932534.153218, 1468932534.485633, 1468932534.817584, 1468932535.149808, 1468932535.482203, 1468932535.81421, 1468932536.146465, 1468932536.479841, 1468932536.810873, 1468932537.14318, 1468932537.475357, 1468932537.807353, 1468932538.139502, 1468932538.472017, 1468932538.803898, 1468932539.13638, 1468932539.468711, 1468932539.800904, 1468932540.132703, 1468932540.464935, 1468932540.797315, 1468932541.12958, 1468932541.461448, 1468932541.794539, 1468932542.12598]","['10874633732059940389', '16019369900861471006', '14242177233536387575', '9516709140542517272', '9807819930953421278', '10949453417241754688', '15282078780058435702', '13190202925550879243', '16033150838298612459', '16374374466785141543', '14896079075983880119', '11476284345803776802', '18203848295785935245', '12072040577717273521', '18182662582017668331', '9992173990039324587', '12809171632857361116', '17808102620332922478', '16780048242171053318', '17467226814565020063', '10417818311546880672', '18212303703518463735', '11077158605541216649', '9676912920715325701', '16074928996852637313', '13902389570424738551', '15174873086287072293', '18162408502169973637', '14837474382120961974', '17058608972543009707', '13798949712163220825', '11287765059055403300', '17857339001713866761', '14904212379192000830', '10365754981326159233', '18051502757702037182', '11741854169003751091', '13583666255035298768', '10703271684112932541', '16679824072865530436', '12114117509476159994', '16914207748545694400', '14742512025340499540']",0,y,y,y,5,31,
decad7f3-e0f5-4ec1-8459-8be1bf48fa5b,decad7f3-e0f5-4ec1-8459-8be1bf48fa5b.mp4,"('83010dae-337b-404e-84db-684707d81ff0', 'c2a4883e-e8bb-4caf-a3ce-312a10a49b0a')","['f13655324807826666576d42c0', 'f12975964728578337699d40c0', 'f11690088800370023867d40c0', 'f10685758881865182605d39c0', 'f17115752356601087827d40c0', 'f13461083870379143099d39c0', 'f13177406346467368647d35c0', 'f13272300092015605095d38c0', 'f15638625895291188822d38c0']","['f13655324807826666576d32c0', 'f12975964728578337699d31c0', 'f11690088800370023867d31c0', 'f10685758881865182605d30c0', 'f17115752356601087827d32c0', 'f13461083870379143099d32c0', 'f13177406346467368647d31c0', 'f13272300092015605095d31c0', 'f15638625895291188822d33c0']","[1468932555.414395, 1468932555.746547, 1468932556.078972, 1468932556.410931, 1468932556.743158, 1468932557.075392, 1468932557.407643, 1468932558.736222, 1468932559.068834]","['13655324807826666576', '12975964728578337699', '11690088800370023867', '10685758881865182605', '17115752356601087827', '13461083870379143099', '13177406346467368647', '13272300092015605095', '15638625895291188822']",0,y,n,,,,
fc3c9195-d4ea-4978-8b83-05f4ab4f2af9,fc3c9195-d4ea-4978-8b83-05f4ab4f2af9.mp4,"('83010dae-337b-404e-84db-684707d81ff0', 'ff480193-c998-43e9-86f6-efd601769846')","['f11077158605541216649d49c0', 'f9676912920715325701d49c0', 'f16074928996852637313d51c0', 'f13902389570424738551d51c0', 'f15174873086287072293d50c0', 'f18162408502169973637d51c0', 'f14837474382120961974d54c0', 'f17058608972543009707d52c0', 'f13798949712163220825d51c0', 'f11287765059055403300d52c0', 'f17857339001713866761d52c0', 'f14904212379192000830d52c0', 'f10365754981326159233d53c0', 'f18051502757702037182d50c0']","['f11077158605541216649d52c0', 'f9676912920715325701d52c0', 'f16074928996852637313d54c0', 'f13902389570424738551d55c0', 'f15174873086287072293d55c0', 'f18162408502169973637d56c0', 'f14837474382120961974d59c0', 'f17058608972543009707d57c0', 'f13798949712163220825d54c0', 'f11287765059055403300d58c0', 'f17857339001713866761d58c0', 'f14904212379192000830d58c0', 'f10365754981326159233d60c0', 'f18051502757702037182d57c0']","[1468932535.482203, 1468932535.81421, 1468932536.146465, 1468932536.479841, 1468932536.810873, 1468932537.14318, 1468932537.475357, 1468932537.807353, 1468932538.139502, 1468932538.472017, 1468932538.803898, 1468932539.13638, 1468932539.468711, 1468932539.800904]","['11077158605541216649', '9676912920715325701', '16074928996852637313', '13902389570424738551', '15174873086287072293', '18162408502169973637', '14837474382120961974', '17058608972543009707', '13798949712163220825', '11287765059055403300', '17857339001713866761', '14904212379192000830', '10365754981326159233', '18051502757702037182']",0,y,n,,,,
57fc847d-5e1a-4803-aa36-ca3581b7e76c,57fc847d-5e1a-4803-aa36-ca3581b7e76c.mp4,"('83010dae-337b-404e-84db-684707d81ff0', '072b952f-fb48-4735-8b3b-a662af3d1b0a')","['f17240508915463841764d71c0', 'f14490607862337399699d72c0', 'f12946135177541598160d71c0', 'f11000957906130832016d68c0', 'f18047154359422318749d71c0', 'f14426831122188809172d71c0', 'f12593658230246552089d70c0', 'f16304154536537461224d70c0', 'f9928881927407257471d70c0', 'f15762728694375451556d69c0', 'f9528956678718492118d68c0', 'f12229808355324241765d68c0', 'f12172934918283040222d68c0', 'f16498229951932077397d68c0', 'f13432433265887916402d67c0', 'f11615750248468310041d65c0']","['f17240508915463841764d70c0', 'f14490607862337399699d71c0', 'f12946135177541598160d70c0', 'f11000957906130832016d67c0', 'f18047154359422318749d70c0', 'f14426831122188809172d70c0', 'f12593658230246552089d69c0', 'f16304154536537461224d69c0', 'f9928881927407257471d69c0', 'f15762728694375451556d68c0', 'f9528956678718492118d64c0', 'f12229808355324241765d64c0', 'f12172934918283040222d64c0', 'f16498229951932077397d62c0', 'f13432433265887916402d60c0', 'f11615750248468310041d58c0']","[1468932463.06109, 1468932463.393465, 1468932463.725428, 1468932465.386659, 1468932465.718507, 1468932466.383041, 1468932466.715059, 1468932467.047557, 1468932467.379638, 1468932467.711649, 1468932468.043895, 1468932468.376128, 1468932468.708457, 1468932469.040595, 1468932469.372863, 1468932469.704925]","['17240508915463841764', '14490607862337399699', '12946135177541598160', '11000957906130832016', '18047154359422318749', '14426831122188809172', '12593658230246552089', '16304154536537461224', '9928881927407257471', '15762728694375451556', '9528956678718492118', '12229808355324241765', '12172934918283040222', '16498229951932077397', '13432433265887916402', '11615750248468310041']",0,y,n,,,,
24735159-1eee-460e-9928-ff7539420bd3,24735159-1eee-460e-9928-ff7539420bd3.mp4,"('83010dae-337b-404e-84db-684707d81ff0', '558c8a25-97a4-4552-9c68-dcba41a05808')","['f17776457053549645793d61c0', 'f10682051641088094239d62c0', 'f15773935985377979963d63c0', 'f17728158345964872069d63c0', 'f12755644744826475295d60c0', 'f12269433629786396570d61c0', 'f14380008823491823702d58c0', 'f15229924650143811113d60c0']","['f17776457053549645793d63c0', 'f10682051641088094239d65c0', 'f15773935985377979963d65c0', 'f17728158345964872069d64c0', 'f12755644744826475295d61c0', 'f12269433629786396570d62c0', 'f14380008823491823702d60c0', 'f15229924650143811113d62c0']","[1468932474.688138, 1468932475.020259, 1468932475.352719, 1468932475.684706, 1468932476.017044, 1468932476.349113, 1468932476.681398, 1468932477.013765]","['17776457053549645793', '10682051641088094239', '15773935985377979963', '17728158345964872069', '12755644744826475295', '12269433629786396570', '14380008823491823702', '15229924650143811113']",0,y,n,,,,
27b727d0-d8e8-48a0-8140-efa850ff9049,27b727d0-d8e8-48a0-8140-efa850ff9049.mp4,"('0ae8a9f9-4091-4efe-a1b5-7708b119989f', 'bb329de9-4b31-435e-85b9-b6fedb9f0eff')","['f14416744610158220407d75c0', 'f14284631351570850412d77c0', 'f12392134602871140732d72c0', 'f10034255269375794369d72c0', 'f14197059443867962214d71c0', 'f9697142212712207330d74c0', 'f16088548972740732758d75c0', 'f10575957659351093093d70c0', 'f18299672404895337876d69c0']","['f14416744610158220407d80c0', 'f14284631351570850412d81c0', 'f12392134602871140732d76c0', 'f10034255269375794369d76c0', 'f14197059443867962214d77c0', 'f9697142212712207330d78c0', 'f16088548972740732758d78c0', 'f10575957659351093093d74c0', 'f18299672404895337876d75c0']","[1468932601.923188, 1468932602.255223, 1468932602.587445, 1468932602.919875, 1468932603.252095, 1468932603.584238, 1468932603.916698, 1468932604.24889, 1468932604.580905]","['14416744610158220407', '14284631351570850412', '12392134602871140732', '10034255269375794369', '14197059443867962214', '9697142212712207330', '16088548972740732758', '10575957659351093093', '18299672404895337876']",0,y,n,,,,
150d0bd4-d7e5-41b2-aed4-6064a7150388,150d0bd4-d7e5-41b2-aed4-6064a7150388.mp4,"('0ae8a9f9-4091-4efe-a1b5-7708b119989f', 'c214ea52-4786-479d-b2e6-57ffd071edfc')","['f9992093645005742444d71c0', 'f17949830707314493732d70c0', 'f14454473744703431643d69c0', 'f11710676722511980191d69c0', 'f10172675978142121325d66c0', 'f14404734032133653273d68c0', 'f15162137484569054034d66c0', 'f16907305507553192280d70c0', 'f12706741122160905374d72c0', 'f10208742803599420315d73c0', 'f9339037672800516989d72c0', 'f13629191706030089528d70c0', 'f9780568147851040897d72c0']","['f9992093645005742444d81c0', 'f17949830707314493732d82c0', 'f14454473744703431643d80c0', 'f11710676722511980191d80c0', 'f10172675978142121325d76c0', 'f14404734032133653273d77c0', 'f15162137484569054034d77c0', 'f16907305507553192280d79c0', 'f12706741122160905374d82c0', 'f10208742803599420315d81c0', 'f9339037672800516989d81c0', 'f13629191706030089528d80c0', 'f9780568147851040897d80c0']","[1468932568.370612, 1468932568.70265, 1468932569.034762, 1468932569.367312, 1468932569.699291, 1468932570.03163, 1468932570.363525, 1468932570.695669, 1468932571.028075, 1468932571.360578, 1468932571.692607, 1468932572.024553, 1468932572.35717]","['9992093645005742444', '17949830707314493732', '14454473744703431643', '11710676722511980191', '10172675978142121325', '14404734032133653273', '15162137484569054034', '16907305507553192280', '12706741122160905374', '10208742803599420315', '9339037672800516989', '13629191706030089528', '9780568147851040897']",0,y,n,,,,
64305f0f-1993-4315-bc62-4a9a2b12ac92,64305f0f-1993-4315-bc62-4a9a2b12ac92.mp4,"('0ae8a9f9-4091-4efe-a1b5-7708b119989f', '501e40a7-7f7d-4bfe-a77a-64616e5c4a61')","['f17954208325015252144d68c0', 'f10242888049919298764d66c0', 'f14978616509666403984d65c0', 'f11731465239019853016d63c0', 'f10974605290127450297d61c0', 'f12224212978092083244d63c0', 'f15254808011499171986d63c0', 'f16870986654503703458d59c0', 'f16571065531376273715d61c0', 'f13795696206045031301d64c0', 'f15384888833100625179d59c0', 'f11196926146607426727d61c0', 'f9421860143018727916d62c0', 'f14439535413152534198d62c0']","['f17954208325015252144d76c0', 'f10242888049919298764d75c0', 'f14978616509666403984d75c0', 'f11731465239019853016d73c0', 'f10974605290127450297d69c0', 'f12224212978092083244d72c0', 'f15254808011499171986d70c0', 'f16870986654503703458d64c0', 'f16571065531376273715d65c0', 'f13795696206045031301d65c0', 'f15384888833100625179d64c0', 'f11196926146607426727d65c0', 'f9421860143018727916d67c0', 'f14439535413152534198d66c0']","[1468932696.933892, 1468932697.266278, 1468932697.598776, 1468932697.930751, 1468932698.263236, 1468932698.595282, 1468932698.927694, 1468932699.259953, 1468932699.591948, 1468932699.924176, 1468932700.256564, 1468932700.588764, 1468932700.920462, 1468932701.253086]","['17954208325015252144', '10242888049919298764', '14978616509666403984', '11731465239019853016', '10974605290127450297', '12224212978092083244', '15254808011499171986', '16870986654503703458', '16571065531376273715', '13795696206045031301', '15384888833100625179', '11196926146607426727', '9421860143018727916', '14439535413152534198']",0,y,n,,,,
04b28ba3-6406-4c9e-88f5-a24e2d331fe2,04b28ba3-6406-4c9e-88f5-a24e2d331fe2.mp4,"('0ae8a9f9-4091-4efe-a1b5-7708b119989f', '39e2fc27-6dfb-4d11-9edf-068b59c7653a')","['f14228691504663677810d70c0', 'f14079629002192057357d70c0', 'f9866610361135900579d69c0', 'f13634935858739346089d68c0', 'f14956498521244714662d68c0', 'f14773099149580077198d68c0', 'f12148747190140040793d65c0', 'f11659377951268060500d65c0']","['f14228691504663677810d76c0', 'f14079629002192057357d76c0', 'f9866610361135900579d73c0', 'f13634935858739346089d72c0', 'f14956498521244714662d72c0', 'f14773099149580077198d72c0', 'f12148747190140040793d70c0', 'f11659377951268060500d69c0']","[1468932621.52358, 1468932621.855494, 1468932622.187805, 1468932622.520131, 1468932622.852428, 1468932623.184649, 1468932623.516616, 1468932623.849323]","['14228691504663677810', '14079629002192057357', '9866610361135900579', '13634935858739346089', '14956498521244714662', '14773099149580077198', '12148747190140040793', '11659377951268060500']",0,y,n,,,,
8e98c8ed-75cb-46ca-973e-8a02483e97e7,8e98c8ed-75cb-46ca-973e-8a02483e97e7.mp4,"('0ae8a9f9-4091-4efe-a1b5-7708b119989f', 'd9ab6b95-35df-4da7-8b41-e42c2478dbcc')","['f13609047613459609785d48c0', 'f15440746739721306996d47c0', 'f11018245275229790835d46c0', 'f9722234670458471087d46c0', 'f12220734689425161437d46c0', 'f9315514154961659555d46c0', 'f11171413526013375541d48c0', 'f14170744987544765308d48c0', 'f17651635912722360275d47c0']","['f13609047613459609785d41c0', 'f15440746739721306996d39c0', 'f11018245275229790835d41c0', 'f9722234670458471087d41c0', 'f12220734689425161437d39c0', 'f9315514154961659555d40c0', 'f11171413526013375541d41c0', 'f14170744987544765308d42c0', 'f17651635912722360275d42c0']","[1468932761.049985, 1468932761.382402, 1468932761.714598, 1468932762.046793, 1468932762.711864, 1468932763.043893, 1468932763.375894, 1468932763.707639, 1468932764.040368]","['13609047613459609785', '15440746739721306996', '11018245275229790835', '9722234670458471087', '12220734689425161437', '9315514154961659555', '11171413526013375541', '14170744987544765308', '17651635912722360275']",0,y,n,,,,
a4e7622c-ef80-4ad9-b34f-02e94699da34,a4e7622c-ef80-4ad9-b34f-02e94699da34.mp4,"('3cdf462c-4469-45e5-8dad-c31304b490ea', 'bea7321a-31f5-402d-bd61-9ae7714d02e8')","['f12318332168418352461d94c0', 'f11731836611706375890d97c0', 'f12763253102904615344d101c0', 'f17664160945390281183d99c0', 'f18037229472263700292d104c0', 'f9929644050737933857d102c0', 'f10541054972013218152d103c0', 'f13714318066219143301d101c0', 'f11493603980785542823d102c0']","['f12318332168418352461d102c0', 'f11731836611706375890d105c0', 'f12763253102904615344d107c0', 'f17664160945390281183d105c0', 'f18037229472263700292d110c0', 'f9929644050737933857d109c0', 'f10541054972013218152d109c0', 'f13714318066219143301d107c0', 'f11493603980785542823d109c0']","[1468935886.444829, 1468935886.776692, 1468935887.109062, 1468935887.441514, 1468935887.773453, 1468935888.107432, 1468935888.439282, 1468935888.771205, 1468935889.103473]","['12318332168418352461', '11731836611706375890', '12763253102904615344', '17664160945390281183', '18037229472263700292', '9929644050737933857', '10541054972013218152', '13714318066219143301', '11493603980785542823']",0,y,n,,,,
ece18128-f3e0-4902-b86e-f8749a198094,ece18128-f3e0-4902-b86e-f8749a198094.mp4,"('67a19ad3-c2e9-4792-9ee9-f2f461c2b347', '72cf76b1-8fc6-4afa-9164-d305fec28ce1')","['f13582990458290369310d57c0', 'f11010126302867226991d56c0', 'f13138103593178474258d52c0', 'f11005365002963639125d54c0', 'f9645751139186999993d56c0', 'f9642615713523099365d53c0', 'f12958112489562574033d56c0', 'f13721454781314131396d58c0']","['f13582990458290369310d67c0', 'f11010126302867226991d66c0', 'f13138103593178474258d62c0', 'f11005365002963639125d62c0', 'f9645751139186999993d65c0', 'f9642615713523099365d60c0', 'f12958112489562574033d64c0', 'f13721454781314131396d67c0']","[1468932384.992694, 1468932385.32498, 1468932385.657045, 1468932385.989073, 1468932386.321502, 1468932386.653548, 1468932386.98607, 1468932387.317929]","['13582990458290369310', '11010126302867226991', '13138103593178474258', '11005365002963639125', '9645751139186999993', '9642615713523099365', '12958112489562574033', '13721454781314131396']",0,y,n,,,,
